Name,email,Country
C2 Digital,hello@c2-digital.com,"Miami, United States"
MLVeda,services@mlveda.com,"Raleigh, United States"
Minion Made,shopify@minionmade.com,"Melville, United States"
Gilco Digital,gilcodigital@gmail.com,"Vancouver, Canada"
360&5,hello@360and5.com,"Singapore, Singapore"
Arctic Grey,support@arcticgrey.com,"New York, United States"
Zettler Digital,hello@zettlerdigital.com,"Hackensack, United States"
Jumpstart Commerce,mail@jumpstartcommerce.com,"Singapore, Singapore"
Plug Digital Inc.,services@plugdigital.io,"Denver, United States"
ZAGO Sweden,david@zago.se,"Stockholm, Sweden"
Triciclo,hola@triciclo.mx,"Mexico, Mexico"
Presidio,mat@presidiocreative.com,"Mill Valley, United States"
ICEE Social,contact@iceesocial.com,"Smithtown, United States"
ShopTrade,hello@shoptrade.co,"Tampa, United States"
Kubix,experts-directory@kubixmedia.co.uk,"Birmingham, United Kingdom"
The Ecomm Guys,shannon@theecommguys.com,"Ottawa, Canada"
